4;7;62.0E0;2010-06-17;2010-06-28; ;
5;8;96.0E0;2010-05-01;2010-05-25; ;
6;1;215.0E0;2010-05-14;2010-05-28; ;
9;9;7.92E0;2010-07-05;2010-07-05; ;
10;10;19.09E0;2010-07-06;2010-07-06; ;
11;11;32.19E0;2010-06-23;2010-06-23; ;
12;10;14.34E0;2010-06-17;2010-06-17; ;
13;12;13.3E0;2010-06-14;2010-06-14; ;
14;13;465.0E0;2010-05-31;2010-05-31; ;
15;14;6.65E0;2010-06-14;2010-06-14; ;
16;12;18.0E0;2010-06-08;2010-06-08; ;
17;15;9.5E0;2010-05-29;2010-05-29; ;
18;16;19.0E0;2010-06-24;2010-06-24; ;
19;17;7.6E0;2010-05-29;2010-05-29; ;
20;18;20.0E0;2010-05-18;2010-05-18; ;
21;19;35.0E0;2010-05-29;2010-05-29; ;
22;10;10.14E0;2010-05-27;2010-05-27; ;
23;9;48.9E0;2010-05-26;2010-05-26; ;
24;20;4.88E0;2010-05-26;2010-05-26; ;
25;19;8.1E0;2010-05-21;2010-05-21; ;
26;22;20.0E0;2010-05-14;2010-05-14; ;
27;14;25.43E0;2010-05-17;2010-05-17; ;
28;23;4.0E0;2010-05-17;2010-05-17; ;
29;10;7.96E0;2010-05-11;2010-05-11; ;
30;24;8.0E0;2010-05-09;2010-05-09; ;
31;25;6.3E0;2010-05-10;2010-05-10; ;
32;26;25.9E0;2010-05-06;2010-05-06; ;
33;27;8.7E0;2010-05-05;2010-05-05; ;
34;14;38.48E0;2010-05-05;2010-05-05; ;
35;22;20.0E0;2010-05-04;2010-05-04; ;
36;24;20.0E0;2010-05-01;2010-05-01; ;
37;28;5.83E0;2010-05-04;2010-05-04; ;
38;11;13.83E0;2010-05-04;2010-05-04; ;
39;29;22.8E0;2010-05-04;2010-05-04; ;
40;30;8.0E0;2010-05-03;2010-05-03; ;
41;28;5.76E0;2010-04-07;2010-04-07; ;
42;22;20.0E0;2010-04-27;2010-04-27; ;
43;11;6.84E0;2010-04-21;2010-04-21; ;
44;31;20.0E0;2010-04-20;2010-04-20; ;
45;20;13.1E0;2010-04-20;2010-04-20; ;
46;14;19.01E0;2010-04-17;2010-04-17; ;
47;22;20.0E0;2010-04-16;2010-04-16; ;
48;18;11.0E0;2010-04-17;2010-04-17; ;
49;32;300.0E0;2010-04-16;2010-04-16; ;
50;33;7.6E0;2010-03-28;2010-03-28; ;
51;34;32.88E0;2010-03-22;2010-03-22; ;
52;9;76.2E0;2010-07-08;2010-07-08; ;
53;20;0.99E0;2010-07-08;2010-07-08; ;
54;22;21.0E0;2010-04-09;2010-04-09; ;
55;22;20.0E0;2010-03-31;2010-03-31; ;
56;14;12.64E0;2010-03-27;2010-03-27; ;
57;22;18.0E0;2010-03-20;2010-03-20; ;
58;35;11.0E0;2010-03-05;2010-03-05; ;
59;36;12.0E0;2010-03-22;2010-03-22; ;
60;28;7.59E0;2010-03-17;2010-03-17; ;
61;22;20.0E0;2010-03-16;2010-03-16; ;
62;37;2.0E0;2010-03-28;2010-03-28; ;
63;22;20.0E0;2010-03-23;2010-03-23; ;
64;22;20.0E0;2010-03-26;2010-03-26; ;
65;38;7.0E0;2010-02-20;2010-02-20; ;
66;14;33.89E0;2010-03-26;2010-03-26; ;
67;28;4.19E0;2010-03-26;2010-03-26; ;
68;25;3.55E0;2010-03-05;2010-03-05; ;
69;26;62.36E0;2010-01-23;2010-01-23; ;
70;39;3.2E0;2010-01-16;2010-01-16; ;
71;11;4.99E0;2010-01-20;2010-01-20; ;
72;28;13.15E0;2010-02-08;2010-02-08; ;
73;28;3.46E0;2010-01-20;2010-01-20; ;
74;40;170.0E0;2010-01-23;2010-01-23; ;
75;41;3.0E0;2010-01-16;2010-01-16; ;
76;26;237.69E0;2010-01-15;2010-01-15; ;
77;42;21.79E0;2010-01-09;2010-01-09; ;
78;14;46.07E0;2010-01-13;2010-01-13; ;
79;14;29.7E0;2010-01-09;2010-01-09; ;
80;28;5.4E0;2010-01-11;2010-01-11; ;
81;28;4.69E0;2010-01-11;2010-01-11; ;
82;43;40.0E0;2010-01-11;2010-01-11; ;
83;33;6.2E0;2010-01-09;2010-01-09; ;
84;44;9.2E0;2010-01-10;2010-01-10; ;
85;45;6.84E0;2010-01-02;2010-01-02; ;
86;25;2.8E0;2010-01-02;2010-01-02; ;
87;30;8.0E0;2010-01-08;2010-01-08; ;
88;22;60.0E0;2010-03-12;2010-03-12; ;
89;33;6.9E0;2010-03-07;2010-03-07; ;
90;35;9.0E0;2010-03-13;2010-03-13; ;
91;14;20.42E0;2010-03-13;2010-03-13; ;
92;28;6.18E0;2010-03-08;2010-03-08; ;
93;46;35.0E0;2010-03-09;2010-03-09; ;
94;28;6.76E0;2010-03-10;2010-03-10; ;
95;47;57.12E0;2010-02-18;2010-02-18; ;
96;22;20.0E0;2010-02-26;2010-02-26; ;
97;28;6.38E0;2010-03-03;2010-03-03; ;
98;48;5.89E0;2010-03-06;2010-03-06; ;
99;28;10.38E0;2010-03-05;2010-03-05; ;
100;14;28.45E0;2010-03-06;2010-03-06; ;
101;22;20.0E0;2010-03-04;2010-03-04; ;
102;49;11.5E0;2010-03-06;2010-03-06; ;
103;9;33.96E0;2010-03-03;2010-03-03; ;
104;42;14.63E0;2010-03-04;2010-03-04; ;
105;50;15.0E0;2010-07-07;2010-07-07; ;
106;51;4.95E0;2010-03-05;2010-03-05; ;
107;51;33.69E0;2010-01-30;2010-01-30; ;
108;22;30.0E0;2010-02-10;2010-02-10; ;
109;52;20.0E0;2010-01-09;2010-01-09; ;
110;48;24.97E0;2010-02-02;2010-02-02; ;
111;22;25.0E0;2010-02-16;2010-02-16; ;
112;37;5.0E0;2010-02-08;2010-02-08; ;
113;53;84.34E0;2010-02-01;2010-02-01; ;
114;53;85.68E0;2010-02-01;2010-02-01; ;
115;54;66.81E0;2010-02-11;2010-02-11; ;
116;55;50.0E0;2010-01-07;2010-01-07; ;
117;14;3.3E0;2010-02-20;2010-02-20; ;
118;25;2.9E0;2010-02-20;2010-02-20; ;
119;25;2.8E0;2010-02-12;2010-02-12; ;
120;56;4.65E0;2010-02-19;2010-02-19; ;
121;28;2.94E0;2010-02-18;2010-02-18; ;
122;14;20.16E0;2010-02-20;2010-02-20; ;
123;48;78.79E0;2010-02-19;2010-02-19; ;
124;57;450.0E0;2010-02-26;2010-02-26; ;
125;22;25.0E0;2010-06-25;2010-06-25; ;
126;22;20.0E0;2010-06-03;2010-06-03; ;
127;18;19.0E0;2010-07-12;2010-07-12; ;
128;10;12.92E0;2010-07-14;2010-07-14; ;
129;11;11.5E0;2010-07-15;2010-07-15; ;
130;11;6.31E0;2010-06-05;2010-06-05; ;
131;58;7.8E0;2010-07-16;2010-07-16; ;
132;16;6.0E0;2010-07-17;2010-07-17; ;
133;8;32.5E0;2010-07-01;2010-08-05; ;
134;60;15.2E0;2010-07-20;2010-07-20; ;
135;61;84.0E0;2010-07-20;2010-07-20; ;
136;62;22.0E0;2010-07-20;2010-07-20; ;
137;63;3.8E0;2010-07-20;2010-07-20; ;
138;64;27.12E0;2010-07-20;2010-07-20; ;
139;18;25.0E0;2010-07-20;2010-07-20; ;
140;14;16.39E0;2010-07-20;2010-07-20; ;
141;18;20.0E0;2010-07-21;2010-07-21; ;
142;65;5.0E0;2010-07-21;2010-07-21; ;
143;22;20.0E0;2010-07-22;2010-07-22; ;
144;12;10.5E0;2010-05-29;2010-05-29; ;
145;63;3.2E0;2010-03-31;2010-03-31; ;
146;22;21.0E0;2010-04-06;2010-04-06; ;
147;11;8.96E0;2010-07-22;2010-07-22; ;
148;66;6.0E0;2008-08-29;2008-08-29; ;
149;67;15.0E0;2010-07-23;2010-07-23; ;
150;68;14.32E0;2010-06-17;2010-07-15; ;
151;68;28.47E0;2010-06-17;2010-07-15; ;
152;68;28.47E0;2010-05-17;2010-06-15; ;
153;68;12.47E0;2010-05-17;2010-06-15; ;
154;68;28.47E0;2010-04-17;2010-05-13; ;
155;68;12.16E0;2010-04-17;2010-05-13; ;
156;68;42.25E0;2010-03-17;2010-04-15; ;
157;68;3.15E0;2010-03-17;2010-04-15; ;
158;68;19.16E0;2010-02-17;2010-03-15; ;
159;68;26.43E0;2010-01-17;2010-02-12; ;
160;68;26.96E0;2009-12-17;2010-01-14; ;
161;68;17.59E0;2009-11-17;2009-12-15; ;
162;9;79.0E0;2009-11-10;2009-11-10; ;
163;53;23.8E0;2009-08-20;2009-08-20; ;
164;53;36.22E0;2009-08-20;2009-08-20; ;
165;68;17.52E0;2009-07-17;2009-08-13; ;
166;68;17.34E0;2009-06-17;2009-07-15; ;
167;68;17.74E0;2009-05-17;2009-06-15; ;
168;14;52.72E0;2009-05-23;2009-05-23; ;
169;14;18.8E0;2009-05-23;2009-05-23; ;
170;68;16.88E0;2009-04-17;2009-05-14; ;
171;69;70.0E0;2009-04-06;2009-04-06; ;
172;68;16.96E0;2009-03-17;2009-04-15; ;
173;70;14.96E0;2009-03-23;2009-03-23; ;
174;68;17.44E0;2009-02-17;2009-03-13; ;
176;8;62.5E0;2009-01-26;2009-01-26; ;
177;9;12.1E0;2009-02-17;2009-02-17; ;
178;72;104.8E0;2009-02-17;2009-02-17; ;
179;68;17.76E0;2008-12-17;2009-01-15; ;
180;74;180.0E0;2009-01-02;2009-01-02; ;
181;74;360.0E0;2006-09-04;2006-09-04; ;
182;75;46.2E0;2009-12-02;2009-12-02; ;
183;68;12.96E0;2008-11-17;2008-12-15; ;
184;57;879.0E0;2008-11-27;2008-11-27; ;
185;68;35.52E0;2008-10-17;2008-11-13; ;
186;68;13.04E0;2008-09-17;2008-10-15; ;
187;68;13.44E0;2008-08-17;2008-09-15; ;
188;68;13.28E0;2008-07-17;2008-08-13; ;
189;74;180.0E0;2008-04-30;2008-04-30; ;
190;77;37.13E0;2008-04-12;2008-05-09; ;
191;77;37.13E0;2008-03-12;2008-04-08; ;
192;78;190.0E0;2008-03-22;2008-03-22; ;
193;79;310.0E0;2008-01-26;2008-01-26; ;
194;77;37.13E0;2008-02-12;2008-03-11; ;
195;74;180.0E0;2008-01-31;2008-01-31; ;
196;77;37.13E0;2008-01-12;2008-02-08; ;
197;77;37.26E0;2007-12-12;2008-01-08; ;
198;51;44.9E0;2007-12-20;2007-12-20; ;
199;77;37.54E0;2007-11-12;2007-12-10; ;
200;77;37.25E0;2007-10-12;2007-11-08; ;
201;77;80.05E0;2007-09-12;2007-10-09; ;
202;77;42.92E0;2007-08-12;2007-09-10; ;
203;74;65.0E0;2007-08-08;2007-08-08; ;
204;8;68.5E0;2007-07-08;2007-08-07; ;
205;77;37.02E0;2007-07-12;2007-08-08; ;
206;77;37.83E0;2007-06-12;2007-07-09; ;
207;8;67.5E0;2007-05-08;2007-06-15; ;
208;80;260.0E0;2007-05-07;2007-05-07; ;
209;81;446.25E0;2007-05-21;2007-05-21; ;
210;33;5.8E0;2010-07-24;2010-07-24; ;
211;66;6.0E0;2010-07-24;2010-07-24; ;
212;33;5.8E0;2010-06-17;2010-06-17; ;
213;33;14.6E0;2010-07-25;2010-07-25; ;
214;18;11.5E0;2010-07-26;2010-07-26; ;
215;82;4.17E0;2010-07-28;2010-07-28; ;
216;83;12.0E0;2010-07-31;2010-07-31; ;
217;84;24.0E0;2010-08-01;2010-08-01; ;
218;68;15.38E0;2010-07-17;2010-08-13; ;
219;68;29.16E0;2010-07-17;2010-08-13; ;
220;1;8.5E0;2010-07-20;2010-08-02; ;
221;33;5.8E0;2010-08-02;2010-08-02; ;
222;26;72.33E0;2010-08-03;2010-08-03; ;
223;66;7.0E0;2010-08-03;2010-08-03; ;
224;10;1.22E0;2010-08-04;2010-08-04; ;
225;85;160.12E0;2009-10-15;2009-10-15; ;
226;85;160.12E0;2009-11-16;2009-11-16; ;
227;85;160.12E0;2009-12-15;2009-12-15; ;
228;85;160.12E0;2010-01-15;2010-01-15; ;
229;85;160.12E0;2010-02-16;2010-02-16; ;
230;85;160.12E0;2010-03-15;2010-03-15; ;
231;85;160.12E0;2010-04-15;2010-04-15; ;
232;85;160.12E0;2010-05-17;2010-05-17; ;
233;85;160.12E0;2010-06-15;2010-06-15; ;
234;85;160.12E0;2010-07-15;2010-07-15; ;
235;16;20.0E0;2010-08-05;2010-08-05; ;
236;87;6.8E0;2010-08-05;2010-08-05; ;
237;60;40.4E0;2010-08-05;2010-08-05; ;
238;88;13.5E0;2010-08-06;2010-08-06; ;
239;42;15.51E0;2006-11-08;2006-11-08; ;
240;14;26.13E0;2006-11-15;2006-11-15; ;
241;14;21.3E0;2006-10-17;2006-10-17; ;
242;14;30.28E0;2006-10-17;2006-10-17; ;
243;48;82.49E0;2007-01-18;2007-01-18; ;
244;14;36.33E0;2007-01-04;2007-01-04; ;
245;14;74.51E0;2007-01-23;2007-01-23; ;
246;77;47.97E0;2007-01-24;2007-01-24; ;
248;14;16.03E0;2007-01-31;2007-01-31; ;
249;61;50.0E0;2007-02-07;2007-02-07; ;
250;77;35.82E0;2007-02-07;2007-02-07; ;
251;14;32.08E0;2007-02-15;2007-02-15; ;
252;14;29.19E0;2007-02-22;2007-02-22; ;
253;14;94.94E0;2007-02-28;2007-02-28; ;
254;14;32.28E0;2007-03-19;2007-03-19; ;
255;77;37.25E0;2007-04-13;2007-04-13; ;
256;9;77.63E0;2007-04-18;2007-04-18; ;
257;14;69.0E0;2007-04-18;2007-04-18; ;
258;8;82.5E0;2007-04-23;2007-04-23; ;
259;74;180.0E0;2007-05-02;2007-05-02; ;
260;77;37.13E0;2007-05-11;2007-05-11; ;
261;14;43.98E0;2007-06-01;2007-06-01; ;
262;74;180.0E0;2007-06-01;2007-06-01; ;
263;77;41.95E0;2007-06-12;2007-06-12; ;
264;8;67.5E0;2007-06-15;2007-06-15; ;
265;74;180.0E0;2007-07-02;2007-07-02; ;
266;89;284.5E0;2007-07-03;2007-07-03; ;
267;74;180.0E0;2007-07-31;2007-07-31; ;
268;1;65.0E0;2007-08-08;2007-08-08; ;
269;1;68.5E0;2008-08-08;2008-08-08; ;
270;74;180.0E0;2007-09-03;2007-09-03; ;
271;14;17.81E0;2007-09-19;2007-09-19; ;
272;74;180.0E0;2007-10-01;2007-10-01; ;
273;26;41.65E0;2007-10-04;2007-10-04; ;
274;8;69.0E0;2007-10-04;2007-10-04; ;
275;26;47.6E0;2007-10-10;2007-10-10; ;
276;26;22.49E0;2007-11-01;2007-11-01; ;
277;14;38.12E0;2007-11-17;2007-11-17; ;
278;8;68.5E0;2007-11-29;2007-11-29; ;
279;74;68.5E0;2007-12-04;2007-12-04; ;
280;1;52.0E0;2007-12-24;2007-12-24; ;
281;51;44.9E0;2007-12-27;2007-12-27; ;
282;89;284.5E0;2007-12-31;2007-12-31; ;
283;74;180.0E0;2008-01-02;2008-01-02; ;
284;26;21.54E0;2008-01-23;2008-01-23; ;
285;74;180.0E0;2008-01-31;2008-01-31; ;
286;8;60.5E0;2008-02-12;2008-02-12; ;
287;74;180.0E0;2008-03-03;2008-03-03; ;
288;74;180.0E0;2008-04-01;2008-04-01; ;
289;1;110.0E0;2008-04-14;2008-04-14; ;
290;8;62.5E0;2008-04-14;2008-04-14; ;
291;74;180.0E0;2008-04-30;2008-04-30; ;
292;1;38.0E0;2008-06-09;2008-06-09; ;
293;8;62.5E0;2008-06-13;2008-06-13; ;
294;68;25.72E0;2006-06-18;2006-06-18; ;
295;14;34.8E0;2008-06-24;2008-06-24; ;
296;89;263.0E0;2008-06-30;2008-06-30; ;
297;74;180.0E0;2008-07-01;2008-07-01; ;
298;26;30.51E0;2008-07-14;2008-07-14; ;
299;74;180.0E0;2008-08-01;2008-08-01; ;
300;8;62.5E0;2008-08-20;2008-08-20; ;
301;74;180.0E0;2008-09-01;2008-09-01; ;
302;7;60.0E0;2008-09-24;2008-09-24; ;
303;74;180.0E0;2008-10-02;2008-10-02; ;
304;20;49.88E0;2008-10-09;2008-10-09; ;
305;14;31.9E0;2008-11-27;2008-11-27; ;
306;74;180.0E0;2008-12-01;2008-12-01; ;
307;8;62.5E0;2008-12-15;2008-12-15; ;
308;74;180.0E0;2009-02-02;2009-02-02; ;
309;8;62.5E0;2009-02-16;2009-02-16; ;
310;71;176.77E0;2009-02-17;2009-02-17; ;
311;1;39.0E0;2009-03-30;2009-03-30; ;
312;89;267.0E0;2009-06-30;2009-06-30; ;
313;14;65.29E0;2009-12-01;2009-12-01; ;
314;89;273.5E0;2009-12-30;2009-12-30; ;
315;14;13.73E0;2009-12-31;2009-12-31; ;
316;48;29.04E0;2009-12-31;2009-12-31; ;
317;89;293.5E0;2010-07-02;2010-07-02; ;
318;22;20.0E0;2010-08-07;2010-08-07; ;
319;10;1.89E0;2010-08-09;2010-08-09; ;
320;14;5.78E0;2010-08-07;2010-08-07; ;
321;11;6.06E0;2010-08-11;2010-08-11; ;
322;85;160.12E0;2010-08-16;2010-08-16; ;
323;90;18.0E0;2010-08-13;2010-08-13; ;
324;91;40.0E0;2010-08-14;2010-08-14; ;
325;92;700.0E0;2008-12-22;2008-12-22; ;
326;10;0.69E0;2010-08-18;2010-08-18; ;
327;16;16.0E0;2010-08-19;2010-08-19; ;
328;33;5.8E0;2010-08-19;2010-08-19; ;
329;66;6.0E0;2008-09-19;2008-09-19; ;
330;93;7.0E0;2010-08-19;2010-08-19; ;
331;94;9.4E0;2010-08-21;2010-08-21; ;
332;95;11.0E0;2010-08-20;2010-08-20; ;
333;10;4.62E0;2010-08-23;2010-08-23; ;
334;16;22.0E0;2010-08-23;2010-08-23; ;
335;10;9.52E0;2010-08-26;2010-08-26; ;
336;33;7.3E0;2010-08-25;2010-08-25; ;
337;96;74.34E0;2010-08-27;2010-08-27; ;
338;97;6.0E0;2010-08-27;2010-08-27; ;
339;63;3.0E0;2010-08-27;2010-08-27; ;
340;16;8.3E0;2010-08-28;2010-08-28; ;
341;98;7.3E0;2010-08-28;2010-08-28; ;
342;11;8.85E0;2010-08-31;2010-08-31; ;
343;16;20.0E0;2010-08-31;2010-08-31; ;
344;54;270.0E0;2010-09-01;2010-09-01; ;
345;18;10.0E0;2010-09-02;2010-09-02; ;
346;99;10.9E0;2010-09-04;2010-09-04; ;
347;100;7.0E0;2010-09-03;2010-09-03; ;
348;55;55.0E0;2010-08-19;2010-08-19; ;
349;16;20.0E0;2010-09-10;2010-09-10; ;
350;102;21.2E0;2010-09-11;2010-09-11; ;
351;68;28.94E0;2010-08-17;2010-09-15; ;
352;68;16.12E0;2010-08-17;2010-09-15; ;
353;103;1.6E0;2010-09-13;2010-09-13; ;
354;100;7.0E0;2010-09-17;2010-09-17; ;
355;18;20.0E0;2010-09-17;2010-09-17; ;
356;14;4.18E0;2010-09-17;2010-09-17; ;
357;22;40.0E0;2010-09-13;2010-09-13; ;
358;103;0.4E0;2010-09-13;2010-09-13; ;
359;8;31.0E0;2010-09-01;2010-09-30; ;
360;85;160.12E0;2010-09-15;2010-09-15; ;
361;104;11.0E0;2010-09-20;2010-09-20; ;
362;1;78.5E0;2010-09-13;2010-09-23; ;
363;105;246.0E0;2010-09-24;2010-09-24; ;
364;106;8.2E0;2010-09-25;2010-09-25; ;
365;16;20.0E0;2010-09-25;2010-09-25; ;
366;106;26.19E0;2010-09-25;2010-09-25; ;
367;91;30.0E0;2010-09-29;2010-09-29; ;
368;107;18.49E0;2010-09-29;2010-09-29; ;
369;108;3.28E0;2010-10-04;2010-10-04; ;
370;48;3.82E0;2010-10-04;2010-10-04; ;
371;7;64.3E0;2010-09-24;2010-10-04; ;
372;33;6.7E0;2010-10-05;2010-10-05; ;
373;109;8.99E0;2010-10-05;2010-10-05; ;
374;10;10.38E0;2010-10-06;2010-10-06; ;
375;14;10.27E0;2010-10-07;2010-10-07; ;
376;18;20.0E0;2010-10-09;2010-10-09; ;
377;14;18.27E0;2010-10-09;2010-10-09; ;
378;14;4.71E0;2010-10-11;2010-10-11; ;
379;68;14.45E0;2010-09-17;2010-10-14; ;
380;68;28.94E0;2010-09-17;2010-10-14; ;
381;17;30.0E0;2010-10-12;2010-10-12; ;
382;85;160.12E0;2010-10-15;2010-10-15; ;
383;11;18.61E0;2010-10-16;2010-10-16; ;
384;16;20.0E0;2010-10-16;2010-10-16; ;
385;26;66.59E0;2010-10-20;2010-10-20; ;
386;16;20.0E0;2010-10-22;2010-10-22; ;
387;18;20.0E0;2010-10-23;2010-10-23; ;
388;110;16.5E0;2010-10-23;2010-10-23; ;
389;111;6.09E0;2010-10-25;2010-10-25; ;
390;112;137.28E0;2010-10-25;2010-10-25; ;
391;112;55.35E0;2010-10-25;2010-10-25; ;
392;106;4.6E0;2010-10-25;2010-10-25; ;
393;16;20.0E0;2010-10-26;2010-10-26; ;
394;113;11.0E0;2010-10-29;2010-10-29; ;
395;114;22.31E0;2010-10-28;2010-10-28; ;
396;11;7.96E0;2010-10-29;2010-10-29; ;
397;16;20.0E0;2010-10-30;2010-10-30; ;
398;66;3.0E0;2010-11-02;2010-11-02; ;
399;66;10.0E0;2010-11-02;2010-11-02; ;
400;116;55.45E0;2010-10-17;2010-10-17; ;
401;33;6.0E0;2010-11-05;2010-11-05; ;
402;108;4.6E0;2010-11-05;2010-11-05; ;
403;117;108.0E0;2010-11-04;2010-11-04; ;
404;10;6.28E0;2010-11-08;2010-11-08; ;
405;118;1.72E0;2010-11-10;2010-11-10; ;
406;51;18.95E0;2010-11-10;2010-11-10; ;
407;66;7.0E0;2010-11-10;2010-11-10; ;
408;14;81.45E0;2010-11-11;2010-11-11; ;
409;119;2.0E0;2010-11-13;2010-11-13; ;
410;106;28.85E0;2010-11-13;2010-11-13; ;
411;16;20.0E0;2010-11-13;2010-11-13; ;
412;85;160.12E0;2010-11-15;2010-11-15; ;
413;120;18.5E0;2010-11-16;2010-11-16; ;
414;118;4.72E0;2010-11-16;2010-11-16; ;
415;68;14.13E0;2010-10-17;2010-11-15; ;
416;68;28.94E0;2010-10-17;2010-11-15; ;
418;8;31.5E0;2010-11-01;2010-12-07; ;
419;121;1.25E0;2010-11-19;2010-11-19; ;
420;9;172.95E0;2010-11-19;2010-11-19; ;
421;122;5.03E0;2010-11-20;2010-11-20; ;
422;33;6.0E0;2010-11-20;2010-11-20; ;
423;66;7.0E0;2010-11-22;2010-11-22; ;
424;66;3.5E0;2010-11-22;2010-11-22; ;
425;118;7.2E0;2010-11-23;2010-11-23; ;
426;18;20.0E0;2010-11-24;2010-11-24; ;
427;14;13.82E0;2010-11-24;2010-11-24; ;
428;68;14.1E0;2010-11-17;2010-12-15; ;
429;68;28.94E0;2010-11-17;2010-12-15; ;
430;26;16.0E0;2010-11-24;2010-11-24; ;
431;11;29.15E0;2009-10-31;2009-10-31; ;
432;24;20.0E0;2010-11-28;2010-11-28; ;
433;1;86.0E0;2010-11-16;2010-11-29; ;
434;123;8.0E0;2010-06-19;2010-06-19; ;
435;16;15.0E0;2010-11-30;2010-11-30; ;
436;100;7.0E0;2010-11-30;2010-11-30; ;
437;82;2.1E0;2010-12-02;2010-12-02; ;
438;106;60.6E0;2010-12-04;2010-12-04; ;
439;120;25.4E0;2010-12-05;2010-12-05; ;
440;124;8.0E0;2010-12-05;2010-12-05; ;
441;106;12.6E0;2010-12-09;2010-12-09; ;
442;1;30.0E0;2010-12-09;2010-12-09; ;
443;97;25.0E0;2010-05-12;2010-05-12; ;
444;27;8.7E0;2010-12-10;2010-12-10; ;
445;48;5.07E0;2010-12-10;2010-12-10; ;
446;18;20.0E0;2010-12-11;2010-12-11; ;
447;85;160.12E0;2010-12-15;2010-12-15; ;
448;35;15.0E0;2010-12-17;2010-12-17; ;
449;125;3.84E0;2010-12-17;2010-12-17; ;
450;16;20.0E0;2010-12-18;2010-12-18; ;
451;122;1.32E0;2010-12-18;2010-12-18; ;
452;66;10.0E0;2010-12-23;2010-12-23; ;
453;18;20.0E0;2010-12-23;2010-12-23; ;
454;26;42.15E0;2010-12-23;2010-12-23; ;
455;126;3.25E0;2010-12-23;2010-12-23; ;
456;85;25.0E0;2010-12-23;2010-12-23; ;
457;121;1.23E0;2010-12-28;2010-12-28; ;
458;14;15.63E0;2010-12-29;2010-12-29; ;
459;16;20.0E0;2010-12-30;2010-12-30; ;
460;68;16.2E0;2010-12-17;2011-01-13; ;
461;89;288.5E0;2010-12-31;2010-12-31; ;
462;127;15.0E0;2011-01-04;2011-01-04; ;
463;14;8.7E0;2011-01-05;2011-01-05; ;
464;68;25.84E0;2010-12-17;2011-01-15; ;
465;16;20.0E0;2011-01-07;2011-01-07; ;
466;106;23.99E0;2011-01-08;2011-01-08; ;
467;130;45.6E0;2011-01-11;2011-01-11; ;
468;128;5.98E0;2011-01-04;2011-01-04; ;
469;129;44.34E0;2011-01-04;2011-01-04; ;
470;66;3.0E0;2011-01-13;2011-01-13; ;
471;16;20.0E0;2011-01-14;2011-01-14; ;
472;14;6.98E0;2011-01-14;2011-01-14; ;
473;8;62.0E0;2011-01-01;2011-02-03; ;
474;85;161.0E0;2011-01-14;2011-01-14; ;
475;11;20.55E0;2011-01-17;2011-01-17; ;
476;33;9.9E0;2011-01-18;2011-01-18; ;
477;14;10.1E0;2011-01-18;2011-01-18; ;
478;131;10.8E0;2011-01-20;2011-01-20; ;
479;87;20.4E0;2011-01-21;2011-01-21; ;
480;16;20.0E0;2011-01-21;2011-01-21; ;
481;106;49.8E0;2011-01-24;2011-01-24; ;
482;68;25.07E0;2011-01-17;2011-02-15; ;
483;68;14.23E0;2011-01-17;2011-02-15; ;
484;132;200.0E0;2011-01-17;2011-01-17; ;
485;14;2.0E0;2011-01-27;2011-01-27; ;
486;26;111.68E0;2011-01-29;2011-01-29; ;
487;16;20.0E0;2011-01-29;2011-01-29; ;
488;48;5.05E0;2011-01-29;2011-01-29; ;
489;10;3.58E0;2011-01-31;2011-01-31; ;
490;121;1.2E0;2011-02-01;2011-02-01; ;
491;1;44.5E0;2011-01-13;2011-02-02; ;
492;106;18.28E0;2011-02-03;2011-02-03; ;
493;62;15.0E0;2011-02-04;2011-02-04; ;
494;106;96.6E0;2011-02-04;2011-02-04; ;
495;132;2000.0E0;2011-02-07;2011-02-07; ;
496;126;65.0E0;2011-02-07;2011-02-07; ;
497;10;11.65E0;2011-02-08;2011-02-08; ;
498;10;3.15E0;2011-02-10;2011-02-10; ;
499;16;20.0E0;2011-02-11;2011-02-11; ;
500;106;81.6E0;2011-02-14;2011-02-14; ;
501;85;160.1E0;2011-02-15;2011-02-15; ;
502;14;25.09E0;2011-02-16;2011-02-16; ;
503;135;33.79E0;2011-02-18;2011-02-18; ;
504;16;20.0E0;2011-02-18;2011-02-18; ;
505;11;16.45E0;2011-02-18;2011-02-18; ;
506;26;68.52E0;2011-02-18;2011-02-18; ;
507;10;1.22E0;2011-02-21;2011-02-21; ;
508;11;7.88E0;2011-02-22;2011-02-22; ;
509;14;17.14E0;2011-02-25;2011-02-25; ;
510;136;2.0E0;2011-02-26;2011-02-26; ;
511;132;500.0E0;2011-02-28;2011-02-28; ;
512;68;25.0E0;2011-02-17;2011-03-15; ;
513;68;14.75E0;2011-02-17;2011-03-15; ;
514;10;3.85E0;2011-03-02;2011-03-02; ;
515;18;20.0E0;2011-03-05;2011-03-05; ;
516;14;15.0E0;2011-03-05;2011-03-05; ;
517;14;21.5E0;2011-03-05;2011-03-05; ;
518;16;20.0E0;2011-03-11;2011-03-11; ;
519;137;14.3E0;2011-03-12;2011-03-12; ;
520;16;20.0E0;2011-03-14;2011-03-14; ;
521;121;1.3E0;2011-03-15;2011-03-15; ;
522;85;160.1E0;2011-03-15;2011-03-15; ;
523;33;6.0E0;2011-03-16;2011-03-16; ;
524;8;51.5E0;2011-03-01;2011-04-05; ;
525;14;37.99E0;2011-03-19;2011-03-19; ;
526;14;9.61E0;2011-03-21;2011-03-21; ;
527;10;2.1E0;2011-03-22;2011-03-22; ;
528;16;20.0E0;2011-03-24;2011-03-24; ;
529;116;24.67E0;2011-03-23;2011-03-23; ;
530;126;3.5E0;2011-03-26;2011-03-26; ;
531;100;7.0E0;2011-03-26;2011-03-26; ;
532;138;55.2E0;2011-03-21;2011-03-21; ;
533;11;33.72E0;2011-03-30;2011-03-30; ;
534;16;20.0E0;2011-03-31;2011-03-31; ;
535;1;53.5E0;2011-03-17;2011-03-31; ;
536;68;15.27E0;2011-03-17;2011-04-14; ;
537;68;12.86E0;2011-03-17;2011-04-14; ;
538;14;47.47E0;2011-04-02;2011-04-02; ;
539;14;15.64E0;2011-04-04;2011-04-04; ;
540;121;1.0E0;2011-04-08;2011-04-08; ;
541;16;15.0E0;2011-04-08;2011-04-08; ;
542;139;38.5E0;2011-04-08;2011-04-08; ;
543;109;8.52E0;2011-04-12;2011-04-12; ;
544;60;8.95E0;2011-04-11;2011-04-11; ;
545;11;16.5E0;2011-04-12;2011-04-12; ;
546;141;120.0E0;2011-04-11;2011-04-11; ;
547;142;9.5E0;2011-04-10;2011-04-10; ;
548;143;1.95E0;2011-04-11;2011-04-11; ;
549;141;13.5E0;2011-04-10;2011-04-10; ;
550;144;1.4E0;2011-04-10;2011-04-10; ;
551;144;1.4E0;2011-04-10;2011-04-10; ;
552;139;19.2E0;2011-04-08;2011-04-08; ;
553;146;3.0E0;2011-04-09;2011-04-09; ;
554;146;5.0E0;2011-04-09;2011-04-09; ;
555;146;10.0E0;2011-04-09;2011-04-09; ;
556;14;10.65E0;2011-04-09;2011-04-09; ;
557;144;4.0E0;2011-04-11;2011-04-11; ;
558;147;8.5E0;2011-04-09;2011-04-09; ;
559;148;3.6E0;2011-04-09;2011-04-09; ;
560;148;2.7E0;2011-04-09;2011-04-09; ;
561;149;1.3E0;2011-04-12;2011-04-12; ;
562;149;10.1E0;2011-04-12;2011-04-12; ;
563;149;10.0E0;2011-04-12;2011-04-12; ;
564;149;19.0E0;2011-04-12;2011-04-12; ;
565;17;2.7E0;2011-04-12;2011-04-12; ;
566;150;2.0E0;2011-04-13;2011-04-13; ;
567;151;13.97E0;2011-04-13;2011-04-13; ;
568;85;160.1E0;2011-04-15;2011-04-15; ;
569;16;20.0E0;2011-04-15;2011-04-15; ;
570;127;5.5E0;2011-04-17;2011-04-17; ;
571;10;5.94E0;2011-04-18;2011-04-18; ;
572;10;12.14E0;2011-04-19;2011-04-19; ;
573;10;2.91E0;2011-04-21;2011-04-21; ;
574;16;20.0E0;2011-04-21;2011-04-21; ;
575;10;3.07E0;2011-04-28;2011-04-28; ;
576;152;10.11E0;2011-04-18;2011-04-18; ;
577;16;20.0E0;2011-04-29;2011-04-29; ;
578;16;22.0E0;2011-04-30;2011-04-30; ;
579;153;3.7E0;2011-05-01;2011-05-01; ;
580;68;5.64E0;2011-04-17;2011-05-13; ;
581;16;15.5E0;2011-05-06;2011-05-06; ;
582;68;15.0E0;2011-04-17;2011-05-15; ;
583;66;10.0E0;2011-05-06;2011-05-06; ;
584;14;19.3E0;2011-05-07;2011-05-07; ;
585;154;46.26E0;2011-05-06;2011-05-06; ;
586;10;13.64E0;2011-05-09;2011-05-09; ;
587;16;18.0E0;2011-05-10;2011-05-10; ;
588;155;7.2E0;2011-05-11;2011-05-11; ;
589;11;11.27E0;2011-05-12;2011-05-12; ;
590;8;51.0E0;2011-05-01;2011-06-02; ;
591;116;145.28E0;2011-04-12;2011-04-12; ;
592;85;160.78E0;2011-05-13;2011-05-13; ;
593;14;45.76E0;2011-05-14;2011-05-14; ;
594;18;20.0E0;2011-05-14;2011-05-14; ;
595;121;1.27E0;2011-05-16;2011-05-16; ;
596;10;3.57E0;2011-05-18;2011-05-18; ;
597;1;128.05E0;2011-05-13;2011-06-09; ;
598;117;108.84E0;2011-05-20;2011-05-20; ;
599;157;4.47E0;2011-05-21;2011-05-21; ;
600;66;7.0E0;2011-05-22;2011-05-22; ;
601;68;14.23E0;2011-05-17;2011-06-15; ;
602;68;15.0E0;2011-05-17;2011-06-15; ;
603;14;56.17E0;2011-05-26;2011-05-26; ;
604;158;3.7E0;2011-05-26;2011-05-26; ;
605;80;59.97E0;2007-03-08;2007-03-08; ;
606;80;109.94E0;2006-10-13;2006-10-13; ;
607;80;105.0E0;2006-06-13;2006-06-13; ;
608;16;12.0E0;2011-06-03;2011-06-03; ;
609;151;1.42E0;2011-06-04;2011-06-04; ;
610;162;15.02E0;2011-06-05;2011-06-05; ;
611;51;15.0E0;2011-06-06;2011-06-06; ;
612;11;10.17E0;2011-06-07;2011-06-07; ;
613;16;10.0E0;2011-06-13;2011-06-13; ;
614;163;2.5E0;2011-06-08;2011-06-08; ;
615;164;34.5E0;2011-06-13;2011-06-13; ;
616;157;4.89E0;2011-06-17;2011-06-17; ;
617;165;1.7E0;2011-06-13;2011-06-13; ;
618;157;5.17E0;2011-06-13;2011-06-13; ;
619;157;16.37E0;2011-06-15;2011-06-15; ;
620;166;24.0E0;2011-06-21;2011-06-21; ;
621;167;3.2E0;2011-06-19;2011-06-19; ;
622;85;160.78E0;2011-06-15;2011-06-15; ;
623;89;302.5E0;2011-06-30;2011-06-30; ;
624;130;85.08E0;2011-06-21;2011-06-21; ;
625;168;1.7E0;2011-06-23;2011-06-23; ;
626;7;64.0E0;2011-06-22;2011-07-11; ;
627;68;15.0E0;2011-06-17;2011-07-14; ;
628;68;13.91E0;2011-06-17;2011-07-14; ;
629;169;302.41E0;2011-06-24;2011-06-24; ;
630;169;80.0E0;2011-06-24;2011-06-24; ;
631;116;17.46E0;2011-06-26;2011-06-26; ;
632;16;20.0E0;2011-06-30;2011-06-30; ;
633;170;114.0E0;2011-06-29;2011-06-29; ;
634;89;302.0E0;2011-06-30;2011-06-30; ;
635;157;3.85E0;2011-07-01;2011-07-01; ;
636;168;3.2E0;2011-07-01;2011-07-01; ;
637;66;7.0E0;2011-06-30;2011-06-30; ;
638;157;18.18E0;2011-07-04;2011-07-04; ;
639;171;11.5E0;2011-07-05;2011-07-05; ;
640;33;6.0E0;2011-07-07;2011-07-07; ;
641;16;15.0E0;2011-07-09;2011-07-09; ;
642;167;3.3E0;2011-07-09;2011-07-09; ;
643;157;4.68E0;2011-07-13;2011-07-13; ;
644;168;1.8E0;2011-07-13;2011-07-13; ;
645;92;700.0E0;2011-07-14;2011-07-15; ;
646;168;1.3E0;2011-07-15;2011-07-15; ;
647;85;160.78E0;2011-07-15;2011-07-15; ;
648;68;5.4E0;2011-07-16;2011-07-16; ;
649;168;1.8E0;2011-07-18;2011-07-18; ;
650;16;20.0E0;2011-07-18;2011-07-18; ;
651;173;8.0E0;2011-07-18;2011-07-18; ;
652;157;13.39E0;2011-07-19;2011-07-19; ;
653;16;30.0E0;2011-07-23;2011-07-23; ;
654;167;16.0E0;2011-07-24;2011-07-24; ;
655;16;20.0E0;2011-05-31;2011-05-31; ;
656;107;20.0E0;2011-07-23;2011-07-23; ;
657;168;0.6E0;2011-07-25;2011-07-25; ;
658;68;15.0E0;2011-07-17;2011-08-12; ;
659;68;18.11E0;2011-07-17;2011-08-12; ;
660;168;1.8E0;2011-07-26;2011-07-26; ;
661;8;75.5E0;2011-07-01;2011-08-04; ;
662;1;72.13E0;2011-07-15;2011-08-11; ;
663;39;4.45E0;2011-07-28;2011-07-28; ;
664;176;5.0E0;2011-07-28;2011-07-28; ;
665;177;29.0E0;2011-07-31;2011-07-31; ;
666;178;3.95E0;2011-07-29;2011-07-29; ;
667;177;3.4E0;2011-07-30;2011-07-30; ;
668;16;34.2E0;2011-07-29;2011-07-29; ;
669;179;5.0E0;2011-07-31;2011-07-31; ;
670;157;20.09E0;2011-08-03;2011-08-03; ;
671;180;6.66E0;2011-08-01;2011-08-03; ;
672;168;0.6E0;2011-08-04;2011-08-04; ;
673;100;7.0E0;2011-08-04;2011-08-04; ;
674;181;15.0E0;2011-08-05;2011-08-05; ;
675;182;4.5E0;2011-08-06;2011-08-06; ;
676;183;15.8E0;2011-08-06;2011-08-06; ;
677;183;21.6E0;2011-08-07;2011-08-07; ;
678;183;6.2E0;2011-08-07;2011-08-07; ;
679;16;20.0E0;2011-08-06;2011-08-06; ;
680;111;5.09E0;2011-08-06;2011-08-06; ;
681;16;20.0E0;2011-08-08;2011-08-08; ;
682;85;2000.0E0;2011-08-08;2011-08-08; ;
683;184;12.0E0;2011-08-09;2011-08-09; ;
684;168;0.6E0;2011-08-11;2011-08-11; ;
685;168;2.8E0;2011-08-12;2011-08-12; ;
686;16;12.0E0;2011-08-13;2011-08-13; ;
687;168;2.8E0;2011-08-18;2011-08-18; ;
688;14;4.47E0;2011-08-19;2011-08-19; ;
689;185;40.0E0;2011-08-21;2011-08-21; ;
690;187;8.3E0;2011-08-19;2011-08-19; ;
691;16;18.0E0;2011-08-20;2011-08-20; ;
692;157;3.95E0;2011-08-23;2011-08-23; ;
693;189;3.51E0;2011-08-23;2011-08-23; ;
694;188;13.56E0;2011-08-23;2011-08-23; ;
695;168;0.6E0;2011-08-24;2011-08-24; ;
696;68;15.48E0;2011-08-17;2011-09-15; ;
697;68;15.0E0;2011-08-17;2011-09-15; ;
698;185;40.0E0;2011-08-27;2011-08-27; ;
699;16;20.0E0;2011-08-27;2011-08-27; ;
700;16;20.0E0;2011-08-29;2011-08-29; ;
701;190;5.6499999999999995E0;2011-08-29;2011-08-29; ;
702;190;11.299999999999999E0;2011-08-29;2011-08-29; ;
703;11;9.09E0;2011-08-30;2011-08-30; ;
704;191;5.0E0;2011-09-02;2011-09-02; ;
705;192;120.0E0;2011-09-01;2011-09-01; ;
706;16;20.0E0;2011-09-03;2011-09-03; ;
707;14;4.79E0;2011-09-03;2011-09-03; ;
708;168;1.9E0;2011-09-05;2011-09-05; ;
709;157;3.91E0;2011-09-06;2011-09-06; ;
710;11;6.56E0;2011-09-10;2011-09-10; ;
711;92;700.0E0;2010-08-01;2010-08-01; ;
712;193;5.8E0;2011-09-12;2011-09-12; ;
713;194;2.49E0;2011-09-13;2011-09-13; ;
714;195;1.28E0;2011-09-13;2011-09-13; ;
715;8;70.0E0;2011-09-01;2011-10-04; ;
716;85;109.26E0;2011-09-15;2011-09-15; ;
717;14;7.03E0;2011-09-16;2011-09-16; ;
718;193;8.4E0;2011-09-17;2011-09-17; ;
719;68;15.0E0;2011-09-17;2011-10-13; ;
720;68;15.32E0;2011-09-17;2011-10-13; ;
721;1;95.0E0;2011-09-13;2011-10-10; ;
722;1;100.53E0;2011-09-13;2011-10-10; ;
723;196;0.5E0;2011-09-17;2011-09-17; ;
724;197;8.251199999999999E0;2011-09-19;2011-09-19; ;
725;198;12.938339999999998E0;2011-09-24;2011-09-24; ;
726;199;17.74008E0;2011-09-24;2011-09-24; ;
727;200;3.1514999999999995E0;2011-09-23;2011-09-23; ;
728;201;126.05999999999999E0;2011-09-23;2011-09-23; ;
729;202;29.211539999999996E0;2011-09-19;2011-09-19; ;
730;156;187.43E0;2011-09-26;2011-09-26; ;
731;16;20.0E0;2011-09-26;2011-09-26; ;
732;198;1.38E0;2011-09-18;2011-09-18; ;
733;198;5.7385E0;2011-09-18;2011-09-18; ;
734;204;7.475E0;2011-09-19;2011-09-19; ;
735;205;34.8105E0;2011-09-20;2011-09-20; ;
736;206;4.83E0;2011-09-20;2011-09-20; ;
737;206;5.232499999999999E0;2011-09-22;2011-09-22; ;
738;207;46.0E0;2011-09-19;2011-09-19; ;
739;208;3.4385E0;2011-09-22;2011-09-22; ;
740;208;4.0249999999999995E0;2011-09-18;2011-09-18; ;
741;211;7.520999999999999E0;2011-09-19;2011-09-19; ;
742;212;23.0E0;2011-09-22;2011-09-22; ;
743;213;8.86E0;2011-09-28;2011-09-28; ;
744;127;7.5E0;2011-09-30;2011-09-30; ;
745;170;67.27E0;2011-09-28;2011-09-28; ;
746;11;6.66E0;2011-10-01;2011-10-01; ;
747;116;0.0075E0;2011-10-02;2011-10-02; ;
749;213;8.68E0;2011-10-05;2011-10-05; ;
751;109;9.32E0;2011-10-04;2011-10-04; ;
752;26;17.11E0;2011-10-08;2011-10-08; ;
753;213;6.11E0;2011-10-10;2011-10-10; ;
754;16;20.0E0;2011-10-10;2011-10-10; ;
755;215;16.48E0;2011-10-12;2011-10-12; ;
756;157;4.25E0;2011-10-12;2011-10-12; ;
757;116;4.24E0;2011-10-11;2011-10-11; ;
758;63;3.5E0;2011-10-13;2011-10-13; ;
759;213;13.72E0;2011-10-13;2011-10-13; ;
760;216;16.0E0;2011-10-14;2011-10-14; ;
761;85;110.0E0;2011-10-14;2011-10-14; ;
762;217;7.9E0;2011-10-15;2011-10-15; ;
763;218;4.0E0;2011-10-15;2011-10-15; ;
764;11;11.18E0;2011-10-15;2011-10-15; ;
765;213;12.81E0;2011-10-17;2011-10-17; ;
766;213;8.53E0;2011-10-21;2011-10-21; ;
767;16;20.0E0;2011-10-21;2011-10-21; ;
768;170;37.81E0;2011-10-21;2011-10-21; ;
769;48;5.99E0;2011-10-22;2011-10-22; ;
770;219;3.1104E0;2011-09-18;2011-09-18; ;
771;222;20.0E0;2011-05-26;2011-05-26; ;
772;221;50.0E0;2011-05-27;2011-05-27; ;
773;220;31.2E0;2011-05-26;2011-05-26; ;
774;223;30.0E0;2010-06-14;2010-06-14; ;
775;213;13.65E0;2011-10-24;2011-10-24; ;
776;16;20.0E0;2011-10-24;2011-10-24; ;
777;224;59.23E0;2011-10-25;2011-10-25; ;
778;213;7.47E0;2011-10-26;2011-10-26; ;
779;16;30.0E0;2011-10-21;2011-10-21; ;
780;68;16.24E0;2011-10-17;2011-11-15; ;
781;157;7.99E0;2011-11-01;2011-11-01; ;
782;213;8.13E0;2011-11-02;2011-11-02; ;
783;116;8.09E0;2011-11-02;2011-11-02; ;
784;62;14.0E0;2011-11-04;2011-11-04; ;
785;51;18.95E0;2011-11-04;2011-11-04; ;
786;11;4.49E0;2011-11-05;2011-11-05; ;
787;225;50.0E0;2011-11-05;2011-11-05; ;
788;226;15.63E0;2011-11-09;2011-11-09; ;
789;16;19.0E0;2011-11-09;2011-11-09; ;
790;227;5.17E0;2011-11-10;2011-11-10; ;
791;39;4.6E0;2011-11-10;2011-11-10; ;
792;11;14.75E0;2011-11-12;2011-11-12; ;
793;16;20.0E0;2011-11-12;2011-11-12; ;
794;8;49.5E0;2011-11-01;2011-12-06; ;
795;213;6.58E0;2011-11-15;2011-11-15; ;
796;85;109.24E0;2011-11-15;2011-11-15; ;
797;117;105.0E0;2011-11-15;2011-11-15; ;
798;217;7.9E0;2011-11-15;2011-11-15; ;
799;25;9.16E0;2011-11-17;2011-11-17; ;
800;229;49.0E0;2011-11-20;2011-11-20; ;
801;173;9.0E0;2011-11-20;2011-11-20; ;
802;68;17.55E0;2011-11-17;2011-12-15; ;
803;14;12.0E0;2011-11-24;2011-11-24; ;
804;213;8.87E0;2011-11-26;2011-11-26; ;
805;16;20.0E0;2011-11-26;2011-11-26; ;
806;106;10.35E0;2011-11-26;2011-11-26; ;
807;1;475.57E0;2011-11-17;2011-12-15; ;
808;14;36.0E0;2011-11-29;2011-11-29; ;
809;213;8.75E0;2011-11-30;2011-11-30; ;
810;231;286.01E0;2011-11-28;2011-11-28; ;
811;106;9.95E0;2011-12-02;2011-12-02; ;
812;213;3.12E0;2011-12-02;2011-12-02; ;
813;213;8.42E0;2011-12-05;2011-12-05; ;
814;25;19.44E0;2011-12-06;2011-12-06; ;
815;11;4.08E0;2011-12-07;2011-12-07; ;
816;232;24.0E0;2011-12-08;2011-12-08; ;
817;233;8.3200031089E0;2011-12-09;2011-12-09; ;
818;234;126.29E0;2011-12-09;2011-12-09; ;
819;131;10.5E0;2011-12-11;2011-12-11; ;
820;235;100.0E0;2011-12-06;2011-12-06; ;
821;213;6.63E0;2011-12-12;2011-12-12; ;
822;26;39.36E0;2011-12-12;2011-12-12; ;
823;213;5.28E0;2011-12-13;2011-12-13; ;
824;157;4.78E0;2011-12-14;2011-12-14; ;
825;85;108.85E0;2011-12-15;2011-12-15; ;
826;217;7.9E0;2011-12-15;2011-12-15; ;
827;16;20.0E0;2011-12-17;2011-12-17; ;
828;236;11.62E0;2011-12-19;2011-12-19; ;
829;111;7.2E0;2011-12-19;2011-12-19; ;
830;173;7.0E0;2011-12-19;2011-12-19; ;
831;16;20.0E0;2011-12-20;2011-12-20; ;
832;39;3.2E0;2011-12-20;2011-12-20; ;
833;237;4.95E0;2011-12-20;2011-12-20; ;
834;230;64.34E0;2011-12-01;2011-12-21; ;
835;68;16.52E0;2011-12-17;2012-01-13; ;
836;48;11.99E0;2011-12-23;2011-12-23; ;
837;20;4.99E0;2011-12-23;2011-12-23; ;
838;16;20.0E0;2011-12-27;2011-12-27; ;
839;106;1.9E0;2011-12-28;2011-12-28; ;
840;213;3.22E0;2011-12-29;2011-12-29; ;
841;238;6.8E0;2011-12-30;2011-12-30; ;
842;89;178.5E0;2011-12-30;2011-12-30; ;
844;116;16.02E0;2011-12-31;2011-12-31; ;
845;116;16.14E0;2012-01-01;2012-01-01; ;
846;156;1.98E0;2011-12-31;2011-12-31; ;
847;156;0.61E0;2011-12-31;2011-12-31; ;
848;156;8.99E0;2011-11-07;2011-11-07; ;
849;57;190.0E0;2012-01-03;2012-01-03; ;
850;239;6.59E0;2012-01-03;2012-01-03; ;
851;213;7.45E0;2012-01-03;2012-01-03; ;
852;156;1.6E0;2011-06-30;2011-06-30; ;
853;156;0.1E0;2011-06-30;2011-06-30; ;
854;156;27.51E0;2011-02-07;2011-02-07; ;
855;156;32.21E0;2011-08-08;2011-08-08; ;
856;16;20.0E0;2012-01-03;2012-01-03; ;
857;213;18.66E0;2012-01-04;2012-01-04; ;
858;241;50.0E0;2012-01-05;2012-01-05; ;
859;14;7.8E0;2012-01-07;2012-01-07; ;
860;213;5.0E0;2012-01-10;2012-01-10; ;
861;213;10.19E0;2012-01-11;2012-01-11; ;
862;16;20.0E0;2012-01-12;2012-01-12; ;
863;244;12.0E0;2012-01-12;2012-01-12; ;
864;243;2.9E0;2012-01-12;2012-01-12; ;
865;242;6.6E0;2012-01-13;2012-01-13; ;
866;85;109.0E0;2012-01-13;2012-01-13; ;
867;11;14.19E0;2012-01-14;2012-01-14; ;
868;246;4.0E0;2012-01-14;2012-01-14; ;
869;245;1.5E0;2012-01-14;2012-01-14; ;
870;66;7.0E0;2012-01-14;2012-01-14; ;
871;247;9.64E0;2012-01-15;2012-01-15; ;
872;217;7.9E0;2012-01-16;2012-01-16; ;
873;250;2.5E0;2012-01-17;2012-01-17; ;
874;63;7.12E0;2012-01-17;2012-01-17; ;
875;248;7.0E0;2012-01-17;2012-01-17; ;
876;249;110.0E0;2012-01-17;2012-01-17; ;
877;230;16.25E0;2012-01-01;2012-01-31; ;
878;213;1.56E0;2012-01-19;2012-01-19; ;
879;251;6.0E0;2012-01-18;2012-01-18; ;
880;157;0.99E0;2012-01-20;2012-01-20; ;
881;16;21.5E0;2012-01-20;2012-01-20; ;
882;252;2.0E0;2012-01-20;2012-01-20; ;
883;236;4.5E0;2012-01-20;2012-01-20; ;
884;66;7.0E0;2012-01-21;2012-01-21; ;
885;14;21.85E0;2012-01-23;2012-01-23; ;
886;68;14.85E0;2012-01-17;2012-02-15; ;
887;213;8.81E0;2012-01-26;2012-01-26; ;
888;135;14.13E0;2012-01-27;2012-01-27; ;
889;11;17.66E0;2012-01-28;2012-01-28; ;
890;16;20.0E0;2012-01-31;2012-01-31; ;
891;213;17.82E0;2012-02-01;2012-02-01; ;
892;254;60.0E0;2012-02-01;2012-02-01; ;
893;11;11.64E0;2012-02-06;2012-02-06; ;
894;16;20.0E0;2012-02-06;2012-02-06; ;
895;248;7.0E0;2012-02-06;2012-02-06; ;
896;213;4.62E0;2012-02-07;2012-02-07; ;
897;213;3.56E0;2012-02-08;2012-02-08; ;
898;213;5.75E0;2012-02-10;2012-02-10; ;
899;1;451.0E0;2012-02-09;2012-02-09; ;
900;213;3.03E0;2012-02-11;2012-02-11; ;
901;256;7.42E0;2012-02-11;2012-02-11; ;
902;257;5.88E0;2012-02-12;2012-02-12; ;
903;238;10.0E0;2012-02-14;2012-02-14; ;
904;213;6.24E0;2012-02-14;2012-02-14; ;
905;100;7.0E0;2012-02-14;2012-02-14; ;
906;16;20.0E0;2012-02-15;2012-02-15; ;
907;85;108.46E0;2012-02-15;2012-02-15; ;
908;217;7.9E0;2012-02-15;2012-02-15; ;
909;256;6.15E0;2012-02-15;2012-02-15; ;
910;256;4.7E0;2012-02-15;2012-02-15; ;
911;213;8.83E0;2012-02-16;2012-02-16; ;
912;258;5.0E0;2012-02-16;2012-02-16; ;
913;230;16.16E0;2012-02-01;2012-02-29; ;
914;259;14.0E0;2012-02-17;2012-02-17; ;
915;11;7.3E0;2012-02-20;2012-02-20; ;
916;122;0.74E0;2012-02-18;2012-02-18; ;
917;260;11.24E0;2012-02-20;2012-02-20; ;
918;261;18.63E0;2012-02-20;2012-02-20; ;
919;259;13.92E0;2012-02-20;2012-02-20; ;
920;262;2.3E0;2012-02-21;2012-02-21; ;
921;263;12.36E0;2012-02-21;2012-02-21; ;
922;193;4.9E0;2012-02-22;2012-02-22; ;
923;14;23.7E0;2012-02-23;2012-02-23; ;
924;68;14.54E0;2012-02-17;2012-03-15; ;
925;16;20.0E0;2012-02-24;2012-02-24; ;
926;264;7.7E0;2012-02-24;2012-02-24; ;
927;26;29.8E0;2012-02-25;2012-02-25; ;
928;245;22.6E0;2012-02-25;2012-02-25; ;
929;265;4.89E0;2012-02-26;2012-02-26; ;
930;266;29.23E0;2012-03-02;2012-03-02; ;
931;236;5.2E0;2012-03-03;2012-03-03; ;
932;39;3.2E0;2012-03-03;2012-03-03; ;
933;111;6.31E0;2012-03-03;2012-03-03; ;
934;41;16.5E0;2012-03-03;2012-03-03; ;
935;106;14.1E0;2012-03-03;2012-03-03; ;
936;267;10.0E0;2012-03-04;2012-03-04; ;
937;213;11.87E0;2012-03-05;2012-03-05; ;
938;100;5.0E0;2012-03-06;2012-03-06; ;
939;157;2.88E0;2012-03-06;2012-03-06; ;
940;213;2.22E0;2012-03-06;2012-03-06; ;
941;173;7.0E0;2012-03-06;2012-03-06; ;
942;16;17.0E0;2012-03-07;2012-03-07; ;
943;173;4.5E0;2012-03-09;2012-03-09; ;
944;229;49.3E0;2012-03-10;2012-03-10; ;
945;269;11.17E0;2012-03-11;2012-03-11; ;
946;16;20.0E0;2012-03-12;2012-03-12; ;
947;106;50.0E0;2012-03-14;2012-03-14; ;
948;217;7.9E0;2012-03-15;2012-03-15; ;
949;85;108.46E0;2012-03-15;2012-03-15; ;
950;11;6.32E0;2012-03-16;2012-03-16; ;
951;106;27.8E0;2012-03-17;2012-03-17; ;
952;270;5.8E0;2012-03-17;2012-03-17; ;
953;271;7.0E0;2012-03-18;2012-03-18; ;
954;230;16.17E0;2012-03-01;2012-03-30; ;
955;164;77.0E0;2012-03-22;2012-03-22; ;
956;131;5.9E0;2012-03-22;2012-03-22; ;
957;16;19.0E0;2012-03-22;2012-03-22; ;
958;272;24.0E0;2012-03-23;2012-03-23; ;
959;68;15.68E0;2012-03-17;2012-04-12; ;
960;273;4.0E0;2012-03-24;2012-03-24; ;
961;274;9.69E0;2012-03-25;2012-03-25; ;
962;213;4.23E0;2012-03-26;2012-03-26; ;
963;16;20.0E0;2012-03-26;2012-03-26; ;
964;1;253.75E0;2012-03-16;2012-04-12; ;
965;275;8.39E0;2012-03-31;2012-03-31; ;
966;16;20.0E0;2012-04-02;2012-04-02; ;
967;16;10.0E0;2012-04-07;2012-04-07; ;
968;105;40.0E0;2012-04-09;2012-04-09; ;
969;16;20.0E0;2012-04-09;2012-04-09; ;
970;213;11.16E0;2012-04-12;2012-04-12; ;
971;16;20.0E0;2012-04-12;2012-04-12; ;
972;256;6.29E0;2012-04-15;2012-04-15; ;
973;217;7.9E0;2012-04-16;2012-04-16; ;
974;213;9.47E0;2012-04-17;2012-04-17; ;
975;16;14.0E0;2012-04-17;2012-04-17; ;
976;85;108.46E0;2012-04-17;2012-04-17; ;
977;230;16.95E0;2012-04-01;2012-04-30; ;
978;157;10.33E0;2012-04-21;2012-04-21; ;
979;277;1.85E0;2012-04-23;2012-04-23; ;
981;279;5.95E0;2012-04-23;2012-04-23; ;
982;68;14.33E0;2012-04-17;2012-05-15; ;
983;213;11.06E0;2012-04-25;2012-04-25; ;
984;16;19.0E0;2012-04-27;2012-04-27; ;
985;280;7.0E0;2012-04-30;2012-04-30; ;
986;281;45.0E0;2012-04-30;2012-04-30; ;
987;14;1.5E0;2012-04-30;2012-04-30; ;
988;27;7.4E0;2012-05-03;2012-05-03; ;
989;16;20.0E0;2012-05-04;2012-05-04; ;
990;167;6.0E0;2012-05-06;2012-05-06; ;
991;16;18.0E0;2012-05-07;2012-05-07; ;
992;157;12.41E0;2012-05-09;2012-05-09; ;
993;277;5.07E0;2012-05-12;2012-05-12; ;
994;282;16.5E0;2012-05-13;2012-05-13; ;
995;213;6.87E0;2012-05-14;2012-05-14; ;
996;39;3.2E0;2012-05-15;2012-05-15; ;
997;85;108.46E0;2012-05-15;2012-05-15; ;
998;217;7.9E0;2012-05-15;2012-05-15; ;
999;251;10.0E0;2012-05-17;2012-05-17; ;
1000;283;10.0E0;2012-05-18;2012-05-18; ;
1001;16;20.0E0;2012-05-18;2012-05-18; ;
1002;66;6.0E0;2012-05-20;2012-05-20; ;
1003;117;105.0E0;2012-05-24;2012-05-24; ;
1004;68;15.06E0;2012-05-17;2012-06-14; ;
1005;16;19.0E0;2012-05-25;2012-05-25; ;
1006;213;15.88E0;2012-05-28;2012-05-28; ;
1007;284;15.0E0;2012-05-30;2012-05-30; ;
1008;285;3.37E0;2012-06-01;2012-06-01; ;
1009;286;7.0E0;2012-06-01;2012-06-01; ;
1010;16;20.0E0;2012-06-02;2012-06-02; ;
1011;167;2.3E0;2012-06-02;2012-06-02; ;
1012;185;20.0E0;2012-06-02;2012-06-02; ;
1013;135;28.02E0;2012-06-04;2012-06-04; ;
1014;14;26.96E0;2012-06-04;2012-06-04; ;
1015;287;4.8E0;2012-06-08;2012-06-08; ;
1016;16;20.0E0;2012-06-08;2012-06-08; ;
1017;185;40.0E0;2012-06-09;2012-06-09; ;
1018;167;1.8E0;2012-06-09;2012-06-09; ;
1019;1;100.42E0;2012-06-12;2012-06-12; ;
1020;85;2949.76E0;2012-06-12;2012-06-12; ;
1021;288;12.0E0;2012-06-12;2012-06-12; ;
1022;289;3.0E0;2012-06-12;2012-06-12; ;
1023;193;3.5E0;2012-06-13;2012-06-13; ;
1024;213;7.67E0;2012-06-13;2012-06-13; ;
1025;290;17.0E0;2012-06-15;2012-06-15; ;
1026;217;7.9E0;2012-06-15;2012-06-15; ;
1027;291;6.2E0;2012-06-16;2012-06-16; ;
1028;292;9.88E0;2012-06-16;2012-06-16; ;
1029;18;20.0E0;2012-06-17;2012-06-17; ;
1030;167;7.3E0;2012-06-17;2012-06-17; ;
1031;14;25.67E0;2012-06-18;2012-06-18; ;
1032;16;20.0E0;2012-06-19;2012-06-19; ;
1033;68;16.1E0;2012-06-17;2012-07-16; ;
1034;213;4.24E0;2012-06-22;2012-06-22; ;
1035;293;12.5E0;2012-06-22;2012-06-22; ;
1036;16;20.0E0;2012-06-25;2012-06-25; ;
1037;156;516.01E0;2012-06-25;2012-06-25; ;
1038;96;5.0E0;2012-06-26;2012-06-26; ;
1039;156;84.4E0;2012-06-26;2012-06-26; ;
1040;297;6.5E0;2012-06-26;2012-06-26; ;
1041;296;1.5E0;2012-06-26;2012-06-26; ;
1042;294;2.9E0;2012-06-26;2012-06-26; ;
1043;295;7.2E0;2012-06-26;2012-06-26; ;
1044;14;6.44E0;2012-06-26;2012-06-26; ;
1045;251;11.0E0;2012-06-28;2012-06-28; ;
1046;230;17.86E0;2012-05-30;2012-05-30; ;
1047;230;16.61E0;2012-06-28;2012-06-28; ;
1048;89;178.5E0;2012-06-29;2012-06-29; ;
1049;294;2.9E0;2012-06-30;2012-06-30; ;
1050;186;40.0E0;2012-06-30;2012-06-30; ;
1051;85;3.6E0;2012-06-29;2012-06-29; ;
1052;85;0.26E0;2012-06-29;2012-06-29; ;
1053;85;4.62E0;2012-06-29;2012-06-29; ;
1054;16;15.0E0;2012-07-03;2012-07-03; ;
1055;213;13.69E0;2012-07-03;2012-07-03; ;
1056;100;10.0E0;2012-07-03;2012-07-03; ;
1057;287;7.5E0;2012-07-03;2012-07-03; ;
1058;251;6.0E0;2012-07-05;2012-07-05; ;
1059;105;85.0E0;2012-07-07;2012-07-07; ;
1060;105;5.0E0;2012-07-07;2012-07-07; ;
1061;213;20.09E0;2012-07-10;2012-07-10; ;
1062;16;20.0E0;2012-07-11;2012-07-11; ;
1063;298;5.0E0;2012-07-11;2012-07-11; ;
1064;299;10.0E0;2012-07-14;2012-07-14; ;
1065;300;15.0E0;2012-07-14;2012-07-14; ;
1066;217;7.9E0;2012-07-15;2012-07-15; ;
1067;301;25.87E0;2012-07-15;2012-07-15; ;
1068;213;11.52E0;2012-07-16;2012-07-16; ;
1069;286;3.0E0;2012-07-17;2012-07-17; ;
1070;16;20.0E0;2012-07-19;2012-07-19; ;
1071;302;2.4E0;2012-07-20;2012-07-20; ;
1072;294;2.9E0;2012-07-20;2012-07-20; ;
1073;303;7.7E0;2012-07-20;2012-07-20; ;
1074;303;1.1E0;2012-07-20;2012-07-20; ;
1075;304;20.0E0;2012-07-20;2012-07-20; ;
1076;305;10.0E0;2012-07-20;2012-07-20; ;
1077;306;17.41E0;2012-07-20;2012-07-20; ;
1078;277;4.89E0;2012-07-21;2012-07-21; ;
1079;186;30.0E0;2012-07-22;2012-07-22; ;
1080;213;9.87E0;2012-07-23;2012-07-23; ;
1081;68;15.06E0;2012-07-17;2012-08-13; ;
1082;105;70.0E0;2012-07-24;2012-07-24; ;
1083;307;15.0E0;2012-07-25;2012-07-25; ;
1084;16;20.0E0;2012-07-25;2012-07-25; ;
1085;1;143.25E0;2012-07-18;2012-08-14; ;
1086;308;6.0E0;2012-07-29;2012-07-29; ;
1087;213;8.46E0;2012-07-31;2012-07-31; ;
1088;213;10.43E0;2012-08-01;2012-08-01; ;
1089;100;8.0E0;2012-08-01;2012-08-01; ;
1090;230;13.06E0;2012-07-01;2012-07-30; ;
1091;18;30.0E0;2012-08-04;2012-08-04; ;
1092;213;21.12E0;2012-08-06;2012-08-06; ;
1093;18;25.0E0;2012-08-08;2012-08-08; ;
1094;310;9.19E0;2012-08-12;2012-08-12; ;
1095;213;0.96E0;2012-08-13;2012-08-13; ;
1096;47;17.1E0;2012-08-13;2012-08-13; ;
1097;18;20.0E0;2012-08-14;2012-08-14; ;
1098;19;40.0E0;2012-08-14;2012-08-14; ;
1099;312;4.5E0;2012-08-14;2012-08-14; ;
1100;313;3.0E0;2012-08-14;2012-08-14; ;
1101;217;7.9E0;2012-08-15;2012-08-15; ;
1102;16;20.0E0;2012-08-18;2012-08-18; ;
1103;26;19.84E0;2012-08-18;2012-08-18; ;
1104;185;30.0E0;2012-08-18;2012-08-18; ;
1105;68;15.79E0;2012-08-17;2012-09-14; ;
1106;213;19.0E0;2012-08-23;2012-08-23; ;
1107;230;16.13E0;2012-08-01;2012-08-30; ;
1108;314;3.0E0;2012-08-28;2012-08-28; ;
1109;16;20.0E0;2012-08-29;2012-08-29; ;
1110;11;10.53E0;2012-08-29;2012-08-29; ;
1111;245;10.5E0;2012-08-30;2012-08-30; ;
1112;41;3.0E0;2012-08-30;2012-08-30; ;
1113;185;40.0E0;2012-08-31;2012-08-31; ;
1114;316;15.0E0;2012-09-08;2012-09-08; ;
1115;313;3.0E0;2012-09-08;2012-09-08; ;
1116;106;12.98E0;2012-09-09;2012-09-09; ;
1117;317;50.0E0;2012-09-07;2012-09-07; ;
1118;318;28.18E0;2012-09-02;2012-09-02; ;
1119;213;3.44E0;2012-09-10;2012-09-10; ;
1120;230;16.13E0;2012-08-30;2012-08-30; ;
1121;213;10.31E0;2012-09-15;2012-09-15; ;
1122;217;7.9E0;2012-09-15;2012-09-15; ;
1123;1;248.03E0;2012-09-12;2012-10-08; ;
1124;68;14.85E0;2012-09-17;2012-10-15;test;
1125;109;15.0E0;2013-02-17;2013-02-17;;
1126;109;15.0E0;2013-02-17;2013-02-17;;
1127;109;25.0E0;2013-02-17;2013-02-17;;
1128;284;25.0E0;2013-02-17;2013-02-17;;

